id,first_name,last_name,email,gender,city
1,Ahmad,Lieb,alieb0@angelfire.com,Male,Falāvarjān
2,Shaylyn,Youings,syouings1@blogtalkradio.com,Bigender,Ananea
3,Ofilia,Middlemist,omiddlemist2@state.gov,Female,Baiyang
4,Dari,Wildbore,dwildbore3@usatoday.com,Female,Dawa-Dawa
5,Dulcine,Efford,defford4@dedecms.com,Female,Dongdajie
6,Bron,Whipp,bwhipp5@ovh.net,Male,Yugawara
7,Halsey,Ticksall,hticksall6@t.co,Male,Garça
8,Elle,Lickorish,elickorish7@mtv.com,Female,Oslo
9,Terrie,Scraney,tscraney8@fastcompany.com,Female,Jiaoxie
10,Lillian,Cowern,lcowern9@gov.uk,Female,Sukoanyar
11,Ivan,Lunn,ilunna@springer.com,Male,Tommot
12,Darnell,Brabon,dbrabonb@opera.com,Male,Veliki Grđevac
13,Kiele,Ewin,kewinc@rediff.com,Female,Molde
14,Fayina,Dachey,fdacheyd@printfriendly.com,Bigender,Krzeczów
15,Forrester,Hatliffe,fhatliffee@lycos.com,Male,Yonghe
16,Helyn,Bruggen,hbruggenf@sitemeter.com,Female,Marigot
17,Onfre,Odhams,oodhamsg@businessweek.com,Male,Ozatlán
18,Cristobal,Lannin,clanninh@chron.com,Male,Kiên Lương
19,Germana,Leades,gleadesi@blogtalkradio.com,Female,Chincha Baja
20,Lucais,Gedling,lgedlingj@sogou.com,Polygender,Dean
21,Peyter,Wigelsworth,pwigelsworthk@nifty.com,Male,Sakākā
22,Alaine,Stowers,astowersl@behance.net,Female,Nakama
23,Elvyn,Sammons,esammonsm@1688.com,Male,Pokrovskoye
24,Hamid,Pinnington,hpinningtonn@ucsd.edu,Male,Rennes
25,Mill,Pauer,mpauero@google.com.au,Male,Qingping
26,Rafi,Yakubov,ryakubovp@foxnews.com,Male,Juan Santiago
27,Claire,Margiotta,cmargiottaq@ameblo.jp,Male,Wasquehal
28,Gardiner,Beceril,gbecerilr@paypal.com,Male,Anguil
29,Kylie,Hercock,khercocks@bigcartel.com,Male,Orzu
30,Elmore,Bower,ebowert@oakley.com,Genderqueer,Orito
31,Josh,Clemmensen,jclemmensenu@odnoklassniki.ru,Male,Wassu
32,Hebert,Jackling,hjacklingv@dmoz.org,Male,Capinzal
33,Osmund,Skerratt,oskerrattw@ebay.co.uk,Genderqueer,Domont
34,Heall,Mayberry,hmayberryx@umich.edu,Male,Sandefjord
35,Joleen,Wye,jwyey@census.gov,Female,Yarīm
36,Merna,Batterham,mbatterhamz@netlog.com,Female,Lyalichi
37,Korrie,Pressnell,kpressnell10@home.pl,Female,Piúma
38,Ynes,Falkus,yfalkus11@imdb.com,Female,Peraía
39,Merilee,Wadly,mwadly12@hexun.com,Female,Bumpe
40,Johnathon,Poulson,jpoulson13@issuu.com,Male,Xiaolongmen
41,Kanya,Koppeck,kkoppeck14@techcrunch.com,Genderfluid,Mbale
42,Phil,Reeman,preeman15@altervista.org,Male,Kamionka Wielka
43,Randolf,Pepall,rpepall16@is.gd,Male,Jiangluo
44,Marcia,Ragge,mragge17@1und1.de,Female,Divichibazar
45,Antons,Karleman,akarleman18@economist.com,Male,Mustvee
46,Annadiane,Hayhurst,ahayhurst19@nationalgeographic.com,Female,Ar Ramthā
47,Kylen,McGaughie,kmcgaughie1a@mail.ru,Female,Bajram Curri
48,Gabriella,Wallbank,gwallbank1b@fc2.com,Female,Dumaguete
49,Mariejeanne,Gladding,mgladding1c@blogspot.com,Female,Puerto Natales
50,Pascale,Maudling,pmaudling1d@altervista.org,Male,Liujia
51,Jon,Cucinotta,jcucinotta1e@prnewswire.com,Agender,Извор
52,Dov,Wolfenden,dwolfenden1f@aol.com,Male,Columbus
53,Wynn,Nalder,wnalder1g@about.com,Bigender,Kribi
54,Waylin,Keese,wkeese1h@meetup.com,Male,Terra Chã
55,Georgianne,Adamovich,gadamovich1i@apple.com,Non-binary,Kanganpur
56,Jorgan,Dunbobbin,jdunbobbin1j@i2i.jp,Male,La Guama
57,Roldan,Tough,rtough1k@studiopress.com,Male,Navais
58,Sholom,Keogh,skeogh1l@joomla.org,Male,Sepanjang
59,Krista,Smoth,ksmoth1m@1688.com,Female,Kacangan Lor
60,Neel,Caitlin,ncaitlin1n@merriam-webster.com,Male,Aianí
61,Thom,Minchinden,tminchinden1o@upenn.edu,Male,Cirompang
62,Ivar,Condie,icondie1p@simplemachines.org,Male,Washington
63,Gail,Crinkley,gcrinkley1q@furl.net,Genderfluid,Yuewan
64,Daveen,Darwent,ddarwent1r@phoca.cz,Female,Bomadi
65,Godfrey,Dyke,gdyke1s@vinaora.com,Male,Nice
66,Alaric,Ebi,aebi1t@alexa.com,Male,Vnorovy
67,Salomo,Dries,sdries1u@time.com,Male,Ambatolampy
68,Alyss,Purvey,apurvey1v@china.com.cn,Bigender,Huizhai
69,Judon,Plane,jplane1w@posterous.com,Male,Divo
70,Jessamyn,Eaken,jeaken1x@sciencedaily.com,Female,Kukawa
71,Andros,Corradengo,acorradengo1y@wired.com,Male,Venezia
72,Benedikt,O' Hanvey,bohanvey1z@soundcloud.com,Male,Hägersten
73,Davita,Verrell,dverrell20@illinois.edu,Female,Almeria
74,Manfred,Kabisch,mkabisch21@usatoday.com,Male,Gigant
75,Jennifer,Standering,jstandering22@surveymonkey.com,Female,Ifanadiana
76,Alphonso,Bretelle,abretelle23@cocolog-nifty.com,Male,Dashiju
77,Jacinta,Aaron,jaaron24@imageshack.us,Female,Mbouda
78,Donia,Stibbs,dstibbs25@usgs.gov,Female,Timbuktu
79,Camala,Joe,cjoe26@edublogs.org,Female,Severomorsk
80,Ailbert,McAlarney,amcalarney27@seattletimes.com,Male,Alto Barinas
81,Corrie,Eusden,ceusden28@webs.com,Female,Kameoka
82,Caril,Carr,ccarr29@fda.gov,Female,Solna
83,Mireille,Holdall,mholdall2a@amazon.co.uk,Female,Sidayu
84,Anabel,Sharples,asharples2b@dagondesign.com,Female,Vale de São Cosme
85,Gretna,Crennell,gcrennell2c@bravesites.com,Female,Semenivka
86,Thomasa,McMeyler,tmcmeyler2d@prnewswire.com,Agender,Lobatse
87,Pamelina,Aubray,paubray2e@wiley.com,Agender,Oslo
88,Edlin,Stanway,estanway2f@smh.com.au,Male,Melgar
89,Gilly,Whittall,gwhittall2g@japanpost.jp,Female,Svoboda nad Úpou
90,Ira,Bulford,ibulford2h@wix.com,Female,Turka
91,Shirl,Wahlberg,swahlberg2i@hostgator.com,Female,Betafo
92,Baillie,Mabon,bmabon2j@dedecms.com,Male,Kawit
93,Nettle,Meadley,nmeadley2k@sun.com,Female,Labuhanlalar
94,Gerri,Poland,gpoland2l@fastcompany.com,Male,Dallas
95,Heda,Mordey,hmordey2m@stumbleupon.com,Female,Kanluran
96,Lemar,Rivaland,lrivaland2n@tinypic.com,Male,Melenki
97,Silas,MacArthur,smacarthur2o@nationalgeographic.com,Male,Tangqian
98,Trescha,Chillingworth,tchillingworth2p@paginegialle.it,Polygender,Campo Formoso
99,Frants,Lodin,flodin2q@timesonline.co.uk,Male,La Virgen
100,Nathaniel,Tennewell,ntennewell2r@adobe.com,Male,Curuan
101,Rudd,Gullyes,rgullyes2s@cornell.edu,Male,Ordino
102,Penelopa,Dionsetto,pdionsetto2t@slashdot.org,Agender,Shiqiaotou
103,Silvana,Mutton,smutton2u@vimeo.com,Female,Borovichi
104,Judd,Feirn,jfeirn2v@cloudflare.com,Male,Ngurore
105,Lee,Beau,lbeau2w@imgur.com,Male,Xiagang
106,Clarisse,Shirrell,cshirrell2x@amazonaws.com,Female,Saint-Denis
107,Etta,Snoxall,esnoxall2y@ehow.com,Female,Xindian
108,Townie,Conroy,tconroy2z@japanpost.jp,Genderfluid,Pindi Bhattiān
109,Meade,Steuart,msteuart30@freewebs.com,Female,Barberton
110,Kacy,Vasyanin,kvasyanin31@usnews.com,Genderfluid,Melchor Ocampo
111,Charlot,Yearne,cyearne32@spotify.com,Female,Samut Sakhon
112,Romy,Fearney,rfearney33@twitpic.com,Female,Gaotaizi
113,Micky,Birdwhistell,mbirdwhistell34@sbwire.com,Male,Nong Phok
114,Pearce,Cawsy,pcawsy35@hao123.com,Male,Zhuoshui
115,Bobby,Lockhart,blockhart36@godaddy.com,Male,San José de los Remates
116,Janet,Botha,jbotha37@nymag.com,Female,Peranap
117,Marji,Baack,mbaack38@soundcloud.com,Polygender,Ocoyo
118,Tailor,Wyndham,twyndham39@mozilla.org,Male,Qiancang
119,Lay,Finney,lfinney3a@pen.io,Male,Palca
120,Amalea,Enbury,aenbury3b@merriam-webster.com,Female,Velyka Lepetykha
121,Renard,Christall,rchristall3c@github.io,Male,Rosmalen
122,Annis,Goodlatt,agoodlatt3d@seesaa.net,Female,Pasirangin Tiga
123,Louise,De Vile,ldevile3e@whitehouse.gov,Bigender,Piskavica
124,Adria,Gorstidge,agorstidge3f@irs.gov,Female,Nakhon Luang
125,Darci,Castello,dcastello3g@umich.edu,Female,Assiniboia
126,Edith,Brake,ebrake3h@uiuc.edu,Genderqueer,Krajan Craken
127,Newton,Winspare,nwinspare3i@plala.or.jp,Male,Mirpur Khas
128,Louise,Scholfield,lscholfield3j@exblog.jp,Female,Tambaksumur
129,Rabbi,Tofanini,rtofanini3k@about.com,Male,Tuanshan
130,Shannah,Tinan,stinan3l@msn.com,Female,Huntington
131,Billie,Rackam,brackam3m@gravatar.com,Male,Mantes-la-Jolie
132,Betsy,Gun,bgun3n@house.gov,Female,Muleng
133,Kacie,Chancelier,kchancelier3o@salon.com,Female,Daru Rilwan
134,Sarah,Shwenn,sshwenn3p@github.com,Female,Békéscsaba
135,Georgie,Dripp,gdripp3q@princeton.edu,Male,Beranci
136,Harrison,Tedridge,htedridge3r@seattletimes.com,Male,Silver Spring
137,Andi,Sallan,asallan3s@prweb.com,Female,Spasskoye
138,Buddy,Whilde,bwhilde3t@nytimes.com,Male,Dashiqiao
139,Iain,Baggalley,ibaggalley3u@dropbox.com,Male,Shengli
140,Antonetta,Worthy,aworthy3v@drupal.org,Female,Ciénaga
141,Kathryn,Esche,kesche3w@virginia.edu,Female,Altenberg bei Linz
142,Lewes,Beverage,lbeverage3x@globo.com,Male,Houston
143,Ethelin,Collingridge,ecollingridge3y@goodreads.com,Female,Nagrak
144,Friedrick,Veal,fveal3z@pcworld.com,Male,Oslo
145,Bealle,Shirley,bshirley40@sina.com.cn,Genderfluid,Mogi Mirim
146,Cornell,Birk,cbirk41@booking.com,Male,Kurume
147,Carlen,Gyurko,cgyurko42@ovh.net,Female,Zyryanovsk
148,Nina,Hair,nhair43@weibo.com,Female,Bolhrad
149,Tallia,Pollock,tpollock44@mtv.com,Female,Daoukro
150,El,Braunle,ebraunle45@nbcnews.com,Male,Orion
151,Sanders,Berkowitz,sberkowitz46@friendfeed.com,Male,Ilinden
152,Yard,Gallymore,ygallymore47@fema.gov,Male,Pengwan
153,Wendeline,Waszkiewicz,wwaszkiewicz48@ucoz.com,Female,Yanglinqiao
154,Cammie,Junkison,cjunkison49@php.net,Female,Kuching
155,Susanna,Durber,sdurber4a@harvard.edu,Female,Regidor
156,Hendrick,Duchesne,hduchesne4b@smugmug.com,Male,Banjar Asahduren
157,Marissa,Maun,mmaun4c@mit.edu,Female,Nueva Esperanza
158,Constantia,Spellessy,cspellessy4d@biglobe.ne.jp,Female,Jakubowice Murowane
159,Sanford,Brightwell,sbrightwell4e@weebly.com,Male,Huangjindong
160,Shell,Borrie,sborrie4f@ca.gov,Non-binary,Fengsheng
161,Twila,Eim,teim4g@4shared.com,Female,Puerto Asís
162,Forest,Sahnow,fsahnow4h@ted.com,Male,Shitan
163,Evvy,Cumbridge,ecumbridge4i@oaic.gov.au,Female,Oranjestad
164,Waly,McSwan,wmcswan4j@canalblog.com,Female,København
165,Talya,Holston,tholston4k@engadget.com,Female,Kuusjoki
166,Daune,Baron,dbaron4l@wsj.com,Genderfluid,Dzerzhinsk
167,Tony,McAvey,tmcavey4m@gnu.org,Female,Hezhi
168,Adrianne,Thorington,athorington4n@gravatar.com,Female,Grębów
169,Zacharia,O'Lunny,zolunny4o@google.cn,Male,Telagasari
170,Ansel,Morkham,amorkham4p@list-manage.com,Male,Czerwin
171,Eddy,Whiteford,ewhiteford4q@patch.com,Female,Cam Lâm
172,Ezra,Foxhall,efoxhall4r@1und1.de,Male,Mandor
173,Almeda,Cornfield,acornfield4s@histats.com,Female,Shiki
174,Duffie,Kidman,dkidman4t@weather.com,Male,Petrópolis
175,Jervis,Ottiwill,jottiwill4u@huffingtonpost.com,Male,São Mateus
176,Sheilakathryn,Hambrook,shambrook4v@drupal.org,Female,Jiagao
177,Judi,Crush,jcrush4w@gnu.org,Female,Nggesa
178,Llywellyn,Wooton,lwooton4x@upenn.edu,Male,Lyaskelya
179,Ronalda,Pennyman,rpennyman4y@cbslocal.com,Female,Wanquan
180,Rhetta,Garfield,rgarfield4z@nymag.com,Female,Leskovec pri Krškem
181,Dolf,Smithson,dsmithson50@oaic.gov.au,Male,Sasebo
182,Haze,Cudiff,hcudiff51@whitehouse.gov,Male,Balin
183,Elka,Semor,esemor52@wisc.edu,Female,Rora Timur
184,Lyndsay,Taffrey,ltaffrey53@hc360.com,Female,Stará Ves nad Ondřejnicí
185,Luis,Gillivrie,lgillivrie54@i2i.jp,Male,Al Munīrah
186,Griselda,Stonehouse,gstonehouse55@google.co.jp,Female,Duyang
187,Joe,Runnacles,jrunnacles56@cisco.com,Male,Carayaó
188,Griz,Zanetello,gzanetello57@nymag.com,Male,Dahay
189,Mendy,Diddams,mdiddams58@diigo.com,Male,Bayān
190,Neville,Scholefield,nscholefield59@1688.com,Male,Louisville
191,Prince,Pimer,ppimer5a@umich.edu,Male,Ilići
192,Kelila,Coult,kcoult5b@princeton.edu,Female,Karviná
193,Anastassia,McGready,amcgready5c@jimdo.com,Female,Gimo
194,Linzy,Cussons,lcussons5d@paypal.com,Female,Bochum
195,Cristi,Zanicchi,czanicchi5e@facebook.com,Female,Galis
196,Lianna,Byrd,lbyrd5f@surveymonkey.com,Female,Severomorsk
197,Ax,Gronauer,agronauer5g@columbia.edu,Male,Panglanjan
198,Bird,Gorce,bgorce5h@addtoany.com,Female,Nal’chik
199,Kerwin,Aleavy,kaleavy5i@php.net,Male,Jiangxi
200,Staford,Fishbie,sfishbie5j@nhs.uk,Non-binary,Mashan
201,Riccardo,Shiril,rshiril5k@cdc.gov,Male,Novosel’ye
202,Martguerita,Klimaszewski,mklimaszewski5l@nps.gov,Female,Zhujiang
203,Romain,Osbidston,rosbidston5m@dailymotion.com,Male,Lidingö
204,Maribel,Ashdown,mashdown5n@google.com.br,Female,Urdaneta
205,Tyrus,Elton,telton5o@edublogs.org,Male,San Pablo
206,Cam,Beszant,cbeszant5p@nature.com,Female,Kitchener
207,Rawley,Petera,rpetera5q@diigo.com,Male,Sarāb
208,Pembroke,Duell,pduell5r@networksolutions.com,Male,Szeged
209,Atalanta,Coggen,acoggen5s@diigo.com,Female,Sidi Lamine
210,Derril,Conant,dconant5t@tinyurl.com,Male,Nanyi
211,Karlotta,Christophle,kchristophle5u@skyrock.com,Female,Nanyang
212,Ezmeralda,Beadles,ebeadles5v@tripod.com,Female,Chaiwan
213,Wynn,Lowey,wlowey5w@amazon.co.jp,Male,Pont Cassé
214,Mellicent,Strippel,mstrippel5x@soundcloud.com,Female,Mtwara
215,Joanna,Jacklings,jjacklings5y@mapy.cz,Agender,Alcorriol
216,Cecilio,Juett,cjuett5z@storify.com,Male,Skanör
217,Alyosha,O'Connolly,aoconnolly60@bloglovin.com,Male,Jiangwakou
218,Bendick,Melliard,bmelliard61@com.com,Male,Blumenau
219,Viki,Minmagh,vminmagh62@cbc.ca,Non-binary,Beipai
220,Goddart,Wolfer,gwolfer63@skyrock.com,Male,Orléans
221,Humfrey,Meenan,hmeenan64@over-blog.com,Male,Humniska
222,Thekla,McCloud,tmccloud65@ning.com,Female,Iperu
223,Pierre,Withnall,pwithnall66@technorati.com,Male,Kota Kinabalu
224,Arlan,Cummungs,acummungs67@chronoengine.com,Agender,Sande Vila Nova
225,Timmy,Wisniowski,twisniowski68@businessinsider.com,Non-binary,Gilowice
226,Maryjo,Spiteri,mspiteri69@foxnews.com,Female,Ciseureuheun
227,Murray,Gammons,mgammons6a@miitbeian.gov.cn,Polygender,Kon Tum
228,Ruthie,Hardwick,rhardwick6b@vk.com,Non-binary,Samdrup Jongkhar
229,Reggis,Woonton,rwoonton6c@plala.or.jp,Male,Villeneuve-d'Ascq
230,Vilhelmina,Wanden,vwanden6d@webnode.com,Female,Mysiadło
231,Sibbie,Winteringham,swinteringham6e@barnesandnoble.com,Agender,Koundara
232,Annora,Ferraro,aferraro6f@bloomberg.com,Female,Wolfsberg
233,Willetta,Duddin,wduddin6g@shop-pro.jp,Female,Ystad
234,Mic,Boggon,mboggon6h@geocities.jp,Male,Montreuil
235,Alexei,Iwanowski,aiwanowski6i@vistaprint.com,Male,Mueang Nonthaburi
236,Hewe,Ricardet,hricardet6j@joomla.org,Male,Barajevo
237,Duane,Schulter,dschulter6k@canalblog.com,Male,Nora
238,Issie,Grieve,igrieve6l@blogger.com,Female,Cikuya
239,Crosby,Radin,cradin6m@statcounter.com,Male,Pridraga
240,Tiphanie,Seacroft,tseacroft6n@spotify.com,Female,Tampocon
241,Reg,Veldstra,rveldstra6o@walmart.com,Male,Arboleda
242,Jody,Flarity,jflarity6p@constantcontact.com,Genderqueer,Daiyue
243,Turner,Sabatini,tsabatini6q@cdc.gov,Male,Čačak
244,Skylar,Dearle-Palser,sdearlepalser6r@dailymotion.com,Genderfluid,Anle
245,Malynda,Domokos,mdomokos6s@paypal.com,Female,Taocun
246,Adham,Steely,asteely6t@twitpic.com,Male,Kumalarang
247,Ogdan,Cubbit,ocubbit6u@godaddy.com,Genderfluid,Sukaratu
248,Desdemona,Vertigan,dvertigan6v@bandcamp.com,Female,Mathambgwane
249,Bryanty,Breinl,bbreinl6w@latimes.com,Agender,Naekan
250,Ninnetta,Malek,nmalek6x@chicagotribune.com,Female,Józefów
251,Rebeca,Haldenby,rhaldenby6y@cbc.ca,Female,Vladivostok
252,Hammad,Kybert,hkybert6z@economist.com,Male,Tiantai
253,Klarika,Lavrinov,klavrinov70@berkeley.edu,Female,Göteborg
254,Morrie,Joslin,mjoslin71@soundcloud.com,Male,Ballybofey
255,Jeane,Lamport,jlamport72@rediff.com,Female,Kimch’aek-si
256,Beniamino,Nelligan,bnelligan73@nsw.gov.au,Male,Kulia Village
257,Marlane,Diemer,mdiemer74@yolasite.com,Female,Santai
258,Silvan,Oldrey,soldrey75@yolasite.com,Male,Lop Buri
259,Milty,Charker,mcharker76@mtv.com,Male,Taourirt
260,Geoff,Thowes,gthowes77@walmart.com,Male,Västerås
261,Marylou,Bassick,mbassick78@boston.com,Female,Rechitsy
262,Colan,Escalero,cescalero79@google.it,Male,Mont-Royal
263,Vinny,Doohan,vdoohan7a@squarespace.com,Female,Huayuan
264,Hedvige,Bustard,hbustard7b@symantec.com,Female,Álftanes
265,Britney,Abramowsky,babramowsky7c@prlog.org,Female,Piuí
266,Tova,Wadlow,twadlow7d@chron.com,Female,Xinli
267,Clay,Hurst,churst7e@ebay.com,Male,Huacachi
268,Russell,Shevlane,rshevlane7f@squidoo.com,Male,Boleiros
269,Kingsly,Fatkin,kfatkin7g@hao123.com,Male,Tahara
270,Patrizio,Gratrix,pgratrix7h@google.pl,Male,Stronie
271,Tobey,Olivello,tolivello7i@gravatar.com,Female,Paniówki
272,Erda,Esson,eesson7j@kickstarter.com,Female,Kabar Utara
273,Bartolomeo,Nuss,bnuss7k@soup.io,Male,Ketitang Wetan
274,Alta,Gilhouley,agilhouley7l@shinystat.com,Genderfluid,Middelburg
275,Violante,Jedrzejewski,vjedrzejewski7m@twitpic.com,Female,Matinao
276,Juliet,Goby,jgoby7n@accuweather.com,Female,Hoeyang
277,Janice,Matas,jmatas7o@nsw.gov.au,Female,Galesong
278,Nessie,Topliss,ntopliss7p@berkeley.edu,Female,Motge
279,Sherlock,Dinesen,sdinesen7q@parallels.com,Male,Myanaung
280,Neala,Kybert,nkybert7r@cnet.com,Female,Karangagung Timur
281,Bruno,Ghilardi,bghilardi7s@toplist.cz,Male,Chagou
282,Beverie,Tomsen,btomsen7t@netscape.com,Non-binary,Brnaze
283,Tye,Owens,towens7u@over-blog.com,Polygender,Turkestan
284,Alexis,Morican,amorican7v@networksolutions.com,Female,Gorno Orizari
285,Devondra,Padwick,dpadwick7w@ebay.com,Non-binary,Nahiyat Ghammas
286,Devan,Mattiato,dmattiato7x@gnu.org,Female,La Asunción
287,Sherwynd,Winspurr,swinspurr7y@sina.com.cn,Male,Lianghu
288,Sully,Stallwood,sstallwood7z@imdb.com,Male,Bāqim as Sūq
289,Temp,Dawney,tdawney80@google.cn,Male,Lyakhovtsy
290,Nancey,Landa,nlanda81@apple.com,Female,Nanping
291,Kiley,Ceeley,kceeley82@dagondesign.com,Male,Mostek
292,Gard,Boyet,gboyet83@google.ru,Male,Mahaica Village
293,Carr,McWhan,cmcwhan84@nifty.com,Male,Rontu
294,Madelyn,Marle,mmarle85@surveymonkey.com,Female,Fonadhoo
295,Shelley,Gisby,sgisby86@newyorker.com,Genderqueer,Atlanta
296,Celisse,Solomonides,csolomonides87@fema.gov,Female,Zuitou
297,Trista,Skrzynski,tskrzynski88@opera.com,Female,Zhelin
298,Mei,Rubbens,mrubbens89@mtv.com,Female,Mikuni
299,Margo,McPhee,mmcphee8a@gnu.org,Female,Balaogan
300,Earle,Chancellor,echancellor8b@google.fr,Male,Heicheng
301,Ida,Shenfisch,ishenfisch8c@adobe.com,Genderqueer,Kisela Voda
302,Mortimer,Blasl,mblasl8d@fema.gov,Male,Chilmāri
303,Farah,McOmish,fmcomish8e@aboutads.info,Female,Bangad
304,Coralyn,Durker,cdurker8f@un.org,Female,Alpatovo
305,Nickie,Twyford,ntwyford8g@oracle.com,Genderqueer,Kärdla
306,Ossie,Fortie,ofortie8h@hp.com,Male,Phu Kradueng
307,Reinhard,Houldin,rhouldin8i@cdbaby.com,Male,Porto-Novo
308,Nicol,Roast,nroast8j@posterous.com,Female,Zeya
309,Carly,Maybey,cmaybey8k@geocities.com,Female,Wangcun
310,Adaline,Sidlow,asidlow8l@woothemes.com,Female,Santa Cruz
311,Mikol,Ockland,mockland8m@ning.com,Male,Ossora
312,Bessie,McCullock,bmccullock8n@privacy.gov.au,Female,Askaniya Nova
313,Grier,Siegertsz,gsiegertsz8o@addtoany.com,Bigender,Taldyqorghan
314,Willdon,Mayler,wmayler8p@opensource.org,Male,Shuangqiaoping
315,Benedikt,Laidlow,blaidlow8q@netlog.com,Male,Mari
316,Orv,Lansdale,olansdale8r@booking.com,Male,San Miguel
317,Arden,Habin,ahabin8s@adobe.com,Female,Paleran
318,Revkah,McGuirk,rmcguirk8t@ucla.edu,Female,El Bolsón
319,Natty,Ornils,nornils8u@tiny.cc,Male,Tieba
320,Hamil,Ruggles,hruggles8v@walmart.com,Male,Adamstown
321,Irene,Ingyon,iingyon8w@usgs.gov,Female,Petrovskiy
322,Mayer,Dondon,mdondon8x@google.com.br,Male,Gia Nghĩa
323,Gregoire,Remirez,gremirez8y@behance.net,Polygender,Cileles
324,Calypso,Pratt,cpratt8z@bloomberg.com,Female,Torre
325,Pepi,Gledhall,pgledhall90@alexa.com,Polygender,Linköping
326,Aurelia,Jerams,ajerams91@mtv.com,Female,Mosfilotí
327,Gregg,Spacy,gspacy92@reference.com,Male,Mosteirô
328,Giulia,Boecke,gboecke93@usnews.com,Female,Pridonskoy
329,Moshe,Hutchinges,mhutchinges94@omniture.com,Male,Solo
330,Link,Jaine,ljaine95@example.com,Male,Tysmenychany
331,Averil,Murdie,amurdie96@oakley.com,Female,Berdorf
332,Demetrius,Goldman,dgoldman97@storify.com,Male,El Corozo
333,Gabey,Caverhill,gcaverhill98@cnbc.com,Female,Coronel Vivida
334,Ragnar,Milch,rmilch99@booking.com,Male,Darkton
335,Emery,Cameron,ecameron9a@ezinearticles.com,Male,Sinanju
336,Jose,Kinrade,jkinrade9b@ifeng.com,Agender,Mutengene
337,Parke,Spritt,pspritt9c@nymag.com,Male,Rennes
338,Lucho,Grunnill,lgrunnill9d@multiply.com,Genderqueer,Diavatós
339,Lesly,Choat,lchoat9e@accuweather.com,Female,Saint-Lô
340,Dorita,Vsanelli,dvsanelli9f@columbia.edu,Female,Zhengdun
341,Darrin,Gagie,dgagie9g@wix.com,Male,Chynów
342,Bendicty,Orwell,borwell9h@webs.com,Male,Krivaja
343,Dyana,Dinsdale,ddinsdale9i@forbes.com,Female,Vynohradiv
344,Kile,Kennally,kkennally9j@booking.com,Male,Nashtā Rūd
345,Simone,Golsby,sgolsby9k@smh.com.au,Genderfluid,Martingança
346,Rachele,Wallen,rwallen9l@4shared.com,Female,Lyon
347,Radcliffe,Ramelet,rramelet9m@dailymail.co.uk,Male,Lagarto
348,Zahara,Edgeworth,zedgeworth9n@stanford.edu,Female,Santarém
349,Titus,De Hoogh,tdehoogh9o@webmd.com,Male,Laocheng
350,Katleen,Scandroot,kscandroot9p@ox.ac.uk,Female,Ina
351,Dniren,Cranch,dcranch9q@mayoclinic.com,Female,Jiangkou
352,Sabina,Phettiplace,sphettiplace9r@google.co.uk,Female,Wanliang
353,Fanchon,Bax,fbax9s@netscape.com,Genderqueer,Cigadung
354,Turner,Dansken,tdansken9t@illinois.edu,Male,Xinglin
355,Mitchell,Oslar,moslar9u@shop-pro.jp,Male,Néa Kíos
356,Roxana,Bottomore,rbottomore9v@google.es,Non-binary,Shalazhi
357,Karita,Nutman,knutman9w@networksolutions.com,Female,Tylicz
358,Kenon,Taynton,ktaynton9x@altervista.org,Male,Pasirpengarayan
359,Thea,Querrard,tquerrard9y@i2i.jp,Female,Acarigua
360,Peyton,Flintoffe,pflintoffe9z@marketwatch.com,Male,Fengxizhai
361,Felice,Masson,fmassona0@meetup.com,Female,Reforma
362,Lydon,Maundrell,lmaundrella1@npr.org,Male,Los Angeles
363,Hubert,Rogister,hrogistera2@cargocollective.com,Male,Baitang
364,Shanie,Dunkerk,sdunkerka3@fda.gov,Female,Kegeyli Shahar
365,Fernanda,Turone,fturonea4@g.co,Genderqueer,Pathum Rat
366,Bondon,Grinston,bgrinstona5@imdb.com,Male,Nouâdhibou
367,Murvyn,Caveney,mcaveneya6@samsung.com,Male,Malanów
368,Hyacinthe,Goodyer,hgoodyera7@independent.co.uk,Female,Killarney
369,Cheryl,Farmar,cfarmara8@amazon.co.jp,Genderqueer,Pa Kham
370,Stillmann,Pherps,spherpsa9@simplemachines.org,Male,Yedun
371,Micheil,Brunsen,mbrunsenaa@yahoo.com,Male,Purbalingga
372,Sherlocke,Judron,sjudronab@gnu.org,Male,El Adelanto
373,Gabbie,McAnalley,gmcanalleyac@opensource.org,Male,Żelazków
374,Derrick,Kleinberer,dkleinbererad@bbc.co.uk,Genderfluid,Guangshun
375,Greggory,Josskowitz,gjosskowitzae@businessweek.com,Male,Al Maşlūb
376,Shirlee,Turfin,sturfinaf@mit.edu,Female,Lagunillas
377,Windy,Belk,wbelkag@deviantart.com,Female,Port-Vila
378,Ashbey,Sherrett,asherrettah@shareasale.com,Male,Biliran
379,Cloris,Gallanders,cgallandersai@hud.gov,Female,Makurazaki
380,Bernete,Nise,bniseaj@reference.com,Female,Ogoja
381,Delainey,Lagneaux,dlagneauxak@ted.com,Male,Macau
382,Federico,Abendroth,fabendrothal@tinypic.com,Male,Medenine
383,Ginni,Bartell,gbartellam@ted.com,Female,Sanzhou
384,Diego,Awcock,dawcockan@salon.com,Male,Al Mijlad
385,Livia,Tibbs,ltibbsao@slashdot.org,Non-binary,Rafaï
386,Abe,Joy,ajoyap@time.com,Male,Passos
387,Alain,Merton,amertonaq@4shared.com,Male,Leixlip
388,Raphael,Torrent,rtorrentar@state.gov,Male,Marco
389,Sheelah,Gribble,sgribbleas@youtu.be,Genderqueer,Bousso
390,Urban,Glanister,uglanisterat@amazonaws.com,Male,Cikaung
391,Meghan,Biset,mbisetau@nba.com,Female,Pasirmalang
392,Bard,Petroselli,bpetroselliav@imgur.com,Male,Dunhua
393,Arabelle,Lempel,alempelaw@sitemeter.com,Female,Simpang
394,Justinn,Mulcahy,jmulcahyax@sohu.com,Female,Wufeng
395,Ingrim,Morman,imormanay@posterous.com,Male,Bajia
396,Shelia,McKimmey,smckimmeyaz@fotki.com,Female,Ciranca
397,Austin,Spaice,aspaiceb0@netscape.com,Male,Gostyń
398,Seymour,Goold,sgooldb1@chron.com,Male,Zangbawa
399,Mort,Errichelli,merrichellib2@google.com.au,Genderfluid,Margate
400,Gregg,McGrotty,gmcgrottyb3@ehow.com,Male,Chengfeng
401,Hana,Ciccoloi,hciccoloib4@domainmarket.com,Female,Kamen’-na-Obi
402,Renault,Tafani,rtafanib5@globo.com,Male,Weitian
403,Emelia,McKechnie,emckechnieb6@i2i.jp,Female,Grenoble
404,Pollyanna,Beacham,pbeachamb7@fc2.com,Genderqueer,Albuera
405,Dalton,Denyukin,ddenyukinb8@usnews.com,Male,Qiqian
406,Avis,Murthwaite,amurthwaiteb9@shutterfly.com,Female,Paris La Défense
407,Terese,Fasham,tfashamba@arstechnica.com,Female,Fulnek
408,Inness,Joska,ijoskabb@linkedin.com,Male,Norabats’
409,Raviv,Jeynes,rjeynesbc@hhs.gov,Male,Atalaia
410,Fae,Hrishchenko,fhrishchenkobd@sun.com,Female,Sauga
411,Ewen,Dauney,edauneybe@latimes.com,Male,Vyborg
412,Norman,Rasp,nraspbf@storify.com,Male,Wuyang
413,Robinson,Gavaghan,rgavaghanbg@networkadvertising.org,Male,Carson City
414,Beale,Wallbank,bwallbankbh@smugmug.com,Male,Jasieniec
415,Homerus,Imms,himmsbi@xrea.com,Male,Kokkinóchoma
416,Stace,Dimitriev,sdimitrievbj@hp.com,Female,Namboongan
417,Land,Feighney,lfeighneybk@ameblo.jp,Male,Niort
418,Humbert,Blackwell,hblackwellbl@wordpress.org,Male,Glazov
419,Wilma,Manners,wmannersbm@gnu.org,Non-binary,Augustów
420,Glenn,Rubertis,grubertisbn@digg.com,Female,Marolambo
421,Penelopa,Blackster,pblacksterbo@blog.com,Female,Cicheng
422,Myer,Spuffard,mspuffardbp@free.fr,Male,Diaoling
423,Gaynor,Jaggers,gjaggersbq@illinois.edu,Polygender,Qohord-e Bālā
424,Wendye,Champion,wchampionbr@yolasite.com,Female,Zhufo
425,Alvinia,Decayette,adecayettebs@wordpress.com,Female,Luyi
426,Cecilio,Asbery,casberybt@ftc.gov,Male,Akhtarīn
427,Arliene,Todarini,atodarinibu@cbslocal.com,Female,Guantou
428,Daryn,Ruller,drullerbv@army.mil,Female,Tsyurupyns’k
429,Leah,Janku,ljankubw@dagondesign.com,Female,Paris 14
430,Shannan,Lundon,slundonbx@spotify.com,Male,Palopat
431,Sanson,Cowup,scowupby@google.com.br,Male,Laixi
432,Ruperto,Edgeson,redgesonbz@blog.com,Male,Sanmiaoqian
433,Terence,Luno,tlunoc0@sina.com.cn,Bigender,Gorzów Wielkopolski
434,Linette,MacGiffin,lmacgiffinc1@mit.edu,Female,Donja Mahala
435,Remington,Sheen,rsheenc2@scribd.com,Male,Kauman
436,Malcolm,Munkley,mmunkleyc3@ted.com,Male,Xiadian
437,Yul,Terrington,yterringtonc4@usnews.com,Male,Isdalstø
438,Rubin,Wiggall,rwiggallc5@i2i.jp,Male,Weizheng
439,Siouxie,Antoniat,santoniatc6@e-recht24.de,Female,Rumphi
440,Trueman,Moultrie,tmoultriec7@opensource.org,Male,Wakimachi
441,Marleen,Poundford,mpoundfordc8@narod.ru,Female,Batuan
442,Krystalle,Brithman,kbrithmanc9@google.com.au,Non-binary,Korenëvo
443,Umeko,Dimmer,udimmerca@surveymonkey.com,Female,Prao
444,Bealle,Mochan,bmochancb@gmpg.org,Male,Kobyzhcha
445,Thomas,Bothbie,tbothbiecc@pbs.org,Male,Iłowo -Osada
446,Daffy,Mcmanaman,dmcmanamancd@dagondesign.com,Female,Murillo
447,Elvira,Freke,efrekece@ucla.edu,Female,Amurzet
448,Killy,Pettegre,kpettegrecf@hubpages.com,Male,Ivot
449,Stanleigh,Onions,sonionscg@nps.gov,Male,Melrose
450,Jereme,Regenhardt,jregenhardtch@economist.com,Male,Montería
451,Micheal,Gofton,mgoftonci@hao123.com,Male,Guararema
452,Annora,Smellie,asmelliecj@oaic.gov.au,Female,Waoundé
453,Helene,McTurley,hmcturleyck@plala.or.jp,Female,Masinloc
454,Loleta,Antushev,lantushevcl@twitter.com,Female,Kajar
455,Everard,Crier,ecriercm@desdev.cn,Male,Pondohan
456,Mariska,Bimrose,mbimrosecn@illinois.edu,Genderqueer,Larnaca
457,Duffie,Tousey,dtouseyco@studiopress.com,Male,Changsha
458,Trudy,Fendlow,tfendlowcp@va.gov,Polygender,Samangawah
459,Alysa,O'Spillane,aospillanecq@walmart.com,Female,Cerro Corá
460,Shannon,Duigenan,sduigenancr@squarespace.com,Female,Kungsbacka
461,Tammie,Garlicke,tgarlickecs@t.co,Male,Minle
462,Elissa,Glowach,eglowachct@marketwatch.com,Genderqueer,Gaoguan
463,Cleve,Kelner,ckelnercu@state.tx.us,Male,Cherëmushki
464,Edik,Noyes,enoyescv@amazon.de,Genderqueer,Ropa
465,Sayre,Wells,swellscw@cdbaby.com,Genderfluid,Ystad
466,Vladamir,Lernihan,vlernihancx@sun.com,Male,Rakhiv
467,Lilllie,Eadmead,leadmeadcy@chron.com,Female,Jiaohu
468,Pebrook,Hiland,philandcz@angelfire.com,Male,Pedaringan
469,Fernando,Blincowe,fblincowed0@deviantart.com,Male,Saint-Brieuc
470,Horatio,Burnyeat,hburnyeatd1@sitemeter.com,Male,Novosemeykino
471,Fawne,Batiste,fbatisted2@time.com,Bigender,Trenton
472,Chas,McCloud,cmccloudd3@xrea.com,Male,Da-an Sur
473,Hernando,Plaister,hplaisterd4@gravatar.com,Male,Sápes
474,Iolande,Erni,iernid5@posterous.com,Bigender,Fengle
475,Janeva,Jikovsky,jjikovskyd6@macromedia.com,Female,Starotitarovskaya
476,Mead,Smickle,msmickled7@house.gov,Genderqueer,Lajkovac
477,Angelico,Shorthouse,ashorthoused8@hexun.com,Male,Clearwater
478,Ewell,Pestridge,epestridged9@prnewswire.com,Agender,Ouésso
479,Pearle,de Pinna,pdepinnada@uol.com.br,Female,Aguelmous
480,Rooney,Purves,rpurvesdb@bloglovin.com,Male,Malin
481,Mel,O'Mullally,momullallydc@tumblr.com,Female,Zambrów
482,Babara,Shayes,bshayesdd@bloglines.com,Female,San Agustin
483,Harley,Fricker,hfrickerde@tmall.com,Male,Haodi
484,Wilton,Abate,wabatedf@geocities.com,Male,Profítis Ilías
485,Edgard,Blaxall,eblaxalldg@soup.io,Male,Sempol
486,Carey,Darrell,cdarrelldh@networksolutions.com,Male,Longtang
487,Othello,Kures,okuresdi@i2i.jp,Male,Kimberley
488,Marjorie,Pavyer,mpavyerdj@networksolutions.com,Female,Onzaga
489,Inge,Shalliker,ishallikerdk@nature.com,Female,Cergy-Pontoise
490,Adrian,Sharphouse,asharphousedl@wikimedia.org,Male,Paço
491,Bertrand,Arnely,barnelydm@drupal.org,Male,Ševica
492,Beulah,Mangenet,bmangenetdn@51.la,Female,Wentang
493,Perla,Poyner,ppoynerdo@paypal.com,Female,Allealle
494,Gerty,Sange,gsangedp@tripadvisor.com,Female,Liujiage
495,Bambi,Folli,bfollidq@topsy.com,Female,Miaoli
496,Matt,Meaton,mmeatondr@yellowbook.com,Male,Maripipi
497,Jamil,Carlos,jcarlosds@163.com,Male,Bayt Dajan
498,Ivar,Marie,imariedt@rakuten.co.jp,Male,Pitogo
499,Esme,Botley,ebotleydu@newyorker.com,Male,Vysoké Mýto
500,Garey,Hundell,ghundelldv@umich.edu,Male,Trablice
501,Elbertina,McGillacoell,emcgillacoelldw@slate.com,Female,Vishnyeva
502,Robbin,Antyshev,rantyshevdx@bigcartel.com,Female,Tarragona
503,Horst,Churchin,hchurchindy@people.com.cn,Male,Mlaka pri Kranju
504,Matty,Tussaine,mtussainedz@ehow.com,Male,Qiaozi
505,Camella,Neames,cneamese0@behance.net,Agender,Nanmu
506,Arri,Daugherty,adaughertye1@google.com,Male,Sovetskaya
507,Murielle,Fordyce,mfordycee2@multiply.com,Female,Shanhaiguan
508,Michelle,Greste,mgrestee3@lycos.com,Female,Denver
509,Jamey,Ackred,jackrede4@cnet.com,Male,Wumahe
510,Amos,Longfield,alongfielde5@vimeo.com,Male,Podhum
511,Rodolfo,O'Lunny,rolunnye6@mail.ru,Male,Dayr Abū Ḑa‘īf
512,Alexio,Jennrich,ajennriche7@pcworld.com,Male,Dukuhtengah
513,Hillary,McKerrow,hmckerrowe8@edublogs.org,Male,Fushan
514,Isaiah,Northrop,inorthrope9@joomla.org,Male,Watulimo
515,John,Echlin,jechlinea@nyu.edu,Male,Ketapang
516,Fons,Clashe,fclasheeb@gravatar.com,Genderfluid,Waipare
517,Zebulen,Dunkley,zdunkleyec@nymag.com,Male,Kotuń
518,Carmelia,Bellson,cbellsoned@disqus.com,Female,Reshetylivka
519,Alexander,Sains,asainsee@redcross.org,Male,la Massana
520,Georgeanna,Braley,gbraleyef@jigsy.com,Female,Jakusko
521,Reuven,Kleimt,rkleimteg@theatlantic.com,Male,Rizal
522,Lyssa,Dufall,ldufalleh@ucsd.edu,Polygender,Saint-Germain-en-Laye
523,Natty,Riolfo,nriolfoei@harvard.edu,Female,Tamontaka
524,Holly,Medd,hmeddej@quantcast.com,Male,Hucun
525,Marijo,Doe,mdoeek@phpbb.com,Female,Petite Rivière de Nippes
526,Darnall,O'Hagerty,dohagertyel@flickr.com,Male,Bumpe
527,Emmy,Giacobillo,egiacobilloem@twitpic.com,Male,Novosmolinskiy
528,Myra,Tootell,mtootellen@hibu.com,Female,Patos Fshat
529,Sandor,Fretter,sfrettereo@stumbleupon.com,Male,Markaz-e Ḩukūmat-e Darwēshān
530,Dasya,Swannack,dswannackep@ocn.ne.jp,Female,Buenavista
531,Maurita,Fishleigh,mfishleigheq@nba.com,Female,Gastello
532,Edlin,Klaaassen,eklaaassener@intel.com,Male,Teongtoda
533,Celinka,Allsepp,callseppes@sourceforge.net,Female,Loufan
534,Elna,Merck,emercket@ihg.com,Female,San Antonio
535,Maribel,Kermon,mkermoneu@kickstarter.com,Genderfluid,Zubří
536,Matthus,Towers,mtowersev@abc.net.au,Male,Baiyinnuole
537,Laureen,Jossum,ljossumew@ovh.net,Female,Az̧ Z̧alī‘ah
538,Samson,Dallmann,sdallmannex@hhs.gov,Male,Akaki
539,Harriet,Alastair,halastairey@marketwatch.com,Female,Temyasovo
540,Fan,Sher,fsherez@va.gov,Female,Zhongzi
541,Bevon,Delion,bdelionf0@bluehost.com,Male,Senduro
542,Bell,Banister,bbanisterf1@census.gov,Female,Montpellier
543,Jim,Livezey,jlivezeyf2@sogou.com,Male,Kajuru
544,Filberto,Dallywater,fdallywaterf3@indiatimes.com,Male,Daping
545,Natassia,Margaret,nmargaretf4@unblog.fr,Female,Varser
546,Tate,Esseby,tessebyf5@angelfire.com,Male,Nanqiao
547,Germaine,Poulson,gpoulsonf6@theguardian.com,Female,Luoshe
548,Brnaba,McCullouch,bmccullouchf7@adobe.com,Male,Kimméria
549,Margot,Marle,mmarlef8@ft.com,Female,Kowingir
550,Margi,Spellecy,mspellecyf9@nps.gov,Female,Oslo
551,Sylvan,Elles,sellesfa@ed.gov,Male,Sangari
552,Bartolomeo,Gerwood,bgerwoodfb@sakura.ne.jp,Male,Delodpeken
553,Koo,Brinded,kbrindedfc@bizjournals.com,Female,Lagoa
554,Sholom,Barbe,sbarbefd@shareasale.com,Male,Voiron
555,Bing,Pontain,bpontainfe@phpbb.com,Male,Aqtöbe
556,Monro,Asker,maskerff@spiegel.de,Male,Kouzhen
557,Gail,Barles,gbarlesfg@angelfire.com,Male,Zhulin
558,Nye,Pagen,npagenfh@psu.edu,Male,Guantou
559,Rutger,Carverhill,rcarverhillfi@eventbrite.com,Male,Suzëmka
560,Jolene,Jex,jjexfj@newyorker.com,Female,Taiping
561,Mavra,Cisland,mcislandfk@nymag.com,Female,Świdnica
562,Richie,Ellerman,rellermanfl@friendfeed.com,Male,Gunung
563,Manolo,Eyres,meyresfm@aol.com,Male,Wanghu
564,Corrine,Trask,ctraskfn@wordpress.org,Female,Yuwan
565,Manny,Pordall,mpordallfo@pbs.org,Male,Pul-e Sangī
566,Sigfried,Dibnah,sdibnahfp@nih.gov,Male,Kadusimbar
567,Ford,Betke,fbetkefq@japanpost.jp,Male,Azenha
568,Sibel,Secombe,ssecombefr@jiathis.com,Bigender,Kraton
569,Lucie,Frayne,lfraynefs@theatlantic.com,Female,Lilla Edet
570,Sigmund,Wimlett,swimlettft@pbs.org,Male,Budapest
571,Maxim,Ridulfo,mridulfofu@guardian.co.uk,Male,Rongxi
572,Darsie,Long,dlongfv@forbes.com,Female,Emmen
573,Angeli,Gristwood,agristwoodfw@linkedin.com,Male,Lesnikovo
574,Dodi,Michieli,dmichielifx@hibu.com,Female,Okrika
575,Essa,O'Connel,eoconnelfy@who.int,Female,Shanghuang
576,Garfield,Foan,gfoanfz@craigslist.org,Male,Gamut
577,Sonnnie,Khristyukhin,skhristyukhing0@yelp.com,Female,Ararat
578,Elna,Pascoe,epascoeg1@cam.ac.uk,Female,Phú Vang
579,Rebecka,Brimacombe,rbrimacombeg2@psu.edu,Female,Maunatlala
580,Tyrone,Ceresa,tceresag3@cpanel.net,Male,Pembroke
581,Joann,Izen,jizeng4@yellowpages.com,Female,Şabyā
582,Cloe,Hulse,chulseg5@nba.com,Female,Yūki
583,Collie,Brunger,cbrungerg6@oracle.com,Female,Niort
584,Manon,Machans,mmachansg7@instagram.com,Female,Qingshui
585,Piggy,Flement,pflementg8@nih.gov,Polygender,Fažana
586,Consuela,Speerman,cspeermang9@usda.gov,Female,Rafaela
587,Cherice,Maskill,cmaskillga@surveymonkey.com,Female,Rimpeso
588,Tomaso,Freeman,tfreemangb@vinaora.com,Male,San Juan de Planes
589,Con,Turpey,cturpeygc@pcworld.com,Male,Mossendjo
590,Lauren,Filtness,lfiltnessgd@imdb.com,Male,Gardutanjak
591,Veriee,Lainton,vlaintonge@bizjournals.com,Genderqueer,Orleans
592,Petra,Kamien,pkamiengf@typepad.com,Female,Tariji
593,Meryl,Speaks,mspeaksgg@mit.edu,Female,Busalangga
594,Felice,Hagergham,fhagerghamgh@theglobeandmail.com,Female,Yujing
595,Marthena,Tolman,mtolmangi@ftc.gov,Female,Alminhas
596,Frannie,Franckton,ffrancktongj@unblog.fr,Female,Banes
597,Graig,Whenman,gwhenmangk@goodreads.com,Male,Dobdoban
598,Noami,Klich,nklichgl@themeforest.net,Female,Cisaat
599,Dieter,Cordeix,dcordeixgm@reuters.com,Male,Zbąszyń
600,Foster,Blowick,fblowickgn@issuu.com,Male,Santana de Parnaíba
601,Baxie,Brewster,bbrewstergo@cargocollective.com,Male,Qitai
602,Wallas,Capelle,wcapellegp@fotki.com,Agender,Nangalisan
603,Antonietta,Goullee,agoulleegq@google.de,Female,Okhtyrka
604,Kiersten,Howlett,khowlettgr@apple.com,Female,Haikou
605,Dian,Covert,dcovertgs@mac.com,Female,Zapolyarnyy
606,Brit,Buxam,bbuxamgt@goo.gl,Female,Hebian
607,Sollie,Bickerstaffe,sbickerstaffegu@php.net,Male,Yantian
608,Merwin,Sapshed,msapshedgv@tuttocitta.it,Male,San Jerónimo
609,Philippe,Fieller,pfiellergw@apple.com,Female,Dalaba
610,Annabel,Winnett,awinnettgx@miibeian.gov.cn,Female,Brest
611,Haleigh,Di Francesco,hdifrancescogy@hc360.com,Male,Saumur
612,Aldric,Pargiter,apargitergz@si.edu,Male,Gressier
613,Nolly,Dalli,ndallih0@w3.org,Male,Aulnay-sous-Bois
614,Marven,Blaydes,mblaydesh1@dedecms.com,Male,Langkaplancar
615,Manon,Jansik,mjansikh2@edublogs.org,Female,Canelas
616,Worden,Ormesher,wormesherh3@twitter.com,Male,Phitsanulok
617,Giuseppe,Thackham,gthackhamh4@digg.com,Male,Zelmeņi
618,Ariel,Ordemann,aordemannh5@devhub.com,Male,Tyoply Stan
619,Nollie,Mowbray,nmowbrayh6@marriott.com,Female,Teslić
620,Forrester,Scarbarrow,fscarbarrowh7@cbsnews.com,Male,Kasama
621,Maryanna,Iacobacci,miacobaccih8@angelfire.com,Female,Mengxingzhuang
622,Frederick,Bianco,fbiancoh9@dyndns.org,Male,Kosino
623,Ban,Watmough,bwatmoughha@sogou.com,Male,Sirindhorn
624,Kelsy,Fideler,kfidelerhb@ning.com,Female,Ban Phue
625,Matthieu,Walkingshaw,mwalkingshawhc@foxnews.com,Male,Bantar
626,Harli,Devine,hdevinehd@slate.com,Female,Pieńsk
627,Humfried,Edgars,hedgarshe@is.gd,Male,Issia
628,Lucilia,Greguol,lgreguolhf@php.net,Female,Cali
629,Cinda,Albutt,calbutthg@phpbb.com,Female,Altavista
630,Gabriell,Klimschak,gklimschakhh@admin.ch,Female,Tiền Hải
631,Eldridge,Chanson,echansonhi@prnewswire.com,Male,Umm Ruwaba
632,Jacob,Mapham,jmaphamhj@studiopress.com,Male,Iwatsuki
633,Raimund,De Ruggiero,rderuggierohk@admin.ch,Male,Tinalmud
634,Leroy,Caudelier,lcaudelierhl@virginia.edu,Male,Qarāwul
635,Temp,Covet,tcovethm@tinyurl.com,Agender,Al Ḩarajah
636,Ingunna,Mateuszczyk,imateuszczykhn@freewebs.com,Female,Shangzhuang
637,Elvyn,Jovasevic,ejovasevicho@buzzfeed.com,Male,Bella Unión
638,Germana,Costy,gcostyhp@skyrock.com,Female,Juazeiro do Norte
639,Jan,Felkin,jfelkinhq@blog.com,Male,Nuevo Berlín
640,Renaldo,Quest,rquesthr@addtoany.com,Male,Klimovsk
641,Jakie,Osgorby,josgorbyhs@hao123.com,Male,Danghara
642,Ancell,Rodnight,arodnightht@csmonitor.com,Male,Suibara
643,Daffie,Blood,dbloodhu@cmu.edu,Female,Las Tejeras
644,Cassie,Ferrea,cferreahv@arstechnica.com,Genderqueer,Banjar Peguyangan
645,Judie,Gasnell,jgasnellhw@drupal.org,Female,Susoh
646,Daile,Alderton,daldertonhx@gnu.org,Female,Raminho
647,Odelinda,Baldi,obaldihy@people.com.cn,Non-binary,Yangzi
648,Shannon,Farguhar,sfarguharhz@toplist.cz,Male,Xiejiaya
649,Tammie,Dullaghan,tdullaghani0@jigsy.com,Agender,Hongling
650,Harli,Deans,hdeansi1@usatoday.com,Female,Kuroda
651,Kurt,O'Shiels,koshielsi2@odnoklassniki.ru,Male,Airmadidi
652,Renard,Nappin,rnappini3@pbs.org,Male,Kisarazu
653,Alfie,Sherwood,asherwoodi4@booking.com,Male,Kítsi
654,Lynn,Phethean,lphetheani5@vimeo.com,Female,Kanluran
655,Cody,Maddison,cmaddisoni6@examiner.com,Female,Xiaoshan
656,Trevar,Cawood,tcawoodi7@etsy.com,Male,Richmond
657,Kelwin,Flott,kflotti8@irs.gov,Male,Bonthe
658,Louis,Readings,lreadingsi9@reuters.com,Male,Urpay
659,Lindsy,Stelfax,lstelfaxia@wikipedia.org,Female,Curug
660,Lesly,Slyman,lslymanib@washington.edu,Female,Langford
661,Skyler,Richel,srichelic@craigslist.org,Male,Calhetas
662,Rosalynd,Chevalier,rchevalierid@cornell.edu,Female,Cikadu
663,Blaire,Kernley,bkernleyie@theatlantic.com,Female,Trà Vinh
664,Marchall,Bevir,mbevirif@hugedomains.com,Male,Skövde
665,Brendan,Mitchall,bmitchallig@ted.com,Male,Zhaocun
666,Nye,Cowherd,ncowherdih@hubpages.com,Male,Chocz
667,Nicky,Hixson,nhixsonii@economist.com,Female,Đoan Hùng
668,Davine,Cordle,dcordleij@engadget.com,Female,Kofelē
669,Bertrand,Van Waadenburg,bvanwaadenburgik@dropbox.com,Agender,Dhahi
670,Cindie,Nyland,cnylandil@ted.com,Female,Warlubie
671,Alie,Pimme,apimmeim@smugmug.com,Female,Ruangwa
672,Isaac,Praundl,ipraundlin@diigo.com,Male,Lapi
673,Klaus,Milam,kmilamio@meetup.com,Male,Faqqū‘ah
674,Brook,Burchfield,bburchfieldip@salon.com,Male,Zhenping Chengguanzhen
675,Shane,Maggs,smaggsiq@mail.ru,Male,Mertani
676,Manfred,Lynthal,mlynthalir@vistaprint.com,Male,Portel
677,Malvin,Stening,msteningis@51.la,Male,Yujiao
678,Lucien,Tommasi,ltommasiit@blogspot.com,Male,Wielgie
679,Katee,Runnalls,krunnallsiu@51.la,Female,Panguruan
680,Franzen,Feander,ffeanderiv@archive.org,Male,Pawa
681,Oralee,Blondelle,oblondelleiw@squidoo.com,Female,Den Haag
682,Vernen,Mayberry,vmayberryix@fda.gov,Male,Munkedal
683,Bone,Denny,bdennyiy@un.org,Male,Stuttgart
684,Alan,Aldis,aaldisiz@weibo.com,Male,Smyshlyayevka
685,Mort,Tenby,mtenbyj0@amazon.com,Male,Marinilla
686,Vidovic,Emberson,vembersonj1@ucsd.edu,Male,Nonghe
687,Ricca,Mattioni,rmattionij2@hexun.com,Female,Loreto
688,Ralf,Gofford,rgoffordj3@mit.edu,Male,Semey
689,Fionna,Duns,fdunsj4@reuters.com,Female,Gayle
690,Robyn,Madsen,rmadsenj5@cyberchimps.com,Female,Morelos
691,Pammie,Crosham,pcroshamj6@so-net.ne.jp,Polygender,Singojuruh
692,Denys,Govan,dgovanj7@addtoany.com,Male,Guyancourt
693,Cara,Schnieder,cschniederj8@alexa.com,Female,Pamedilan
694,Tiertza,Barwack,tbarwackj9@youtu.be,Female,Bandhagen
695,Carleen,Caulcott,ccaulcottja@baidu.com,Female,Jishigang
696,Dionysus,Arter,darterjb@nih.gov,Male,Kristianstad
697,Lyssa,McBride,lmcbridejc@list-manage.com,Female,Lanlongkou
698,Timothea,Evans,tevansjd@theguardian.com,Female,Yŏnmu
699,Alain,Shurrock,ashurrockje@washington.edu,Agender,Pinyug
700,Nessie,Gow,ngowjf@omniture.com,Female,Varser
701,Fredi,Goodricke,fgoodrickejg@friendfeed.com,Female,Las Vegas
702,Quintilla,Cammiemile,qcammiemilejh@ifeng.com,Agender,Póvoa de Penela
703,Sybil,Boeck,sboeckji@ehow.com,Female,Yixingfu
704,Theresita,Jelf,tjelfjj@salon.com,Female,Makiv
705,Gustavo,Cavill,gcavilljk@huffingtonpost.com,Male,Gamut
706,Cecelia,Spata,cspatajl@cbslocal.com,Female,Stockholm
707,Julee,Hache,jhachejm@irs.gov,Female,Nagu
708,Violante,Guntrip,vguntripjn@indiegogo.com,Female,Nagasaki-shi
709,Alexander,Doutch,adoutchjo@drupal.org,Male,Sukasari
710,Wilburt,Halson,whalsonjp@bandcamp.com,Male,Saint David’s
711,Godfrey,D'Cruze,gdcruzejq@topsy.com,Male,Andkhōy
712,Minny,Drance,mdrancejr@dot.gov,Female,Tubarão
713,Romy,Gianulli,rgianullijs@blogger.com,Female,Pakel
714,Bobbie,Anfrey,banfreyjt@discovery.com,Female,Linzi
715,Christoforo,Iddiens,ciddiensju@discuz.net,Bigender,Daban
716,Rossy,Riatt,rriattjv@cargocollective.com,Male,Crossmolina
717,Berta,Wanden,bwandenjw@alexa.com,Female,Szydłowo
718,Kinny,Henrych,khenrychjx@redcross.org,Male,Xiaoshun
719,Iormina,Riddel,iriddeljy@state.tx.us,Female,Mafeng
720,Madelon,Kislingbury,mkislingburyjz@topsy.com,Female,Mława
721,Rodney,Shemwell,rshemwellk0@dailymotion.com,Male,Shouchun
722,Uriel,Ovens,uovensk1@fda.gov,Male,Zhangbei
723,Javier,Lambin,jlambink2@nsw.gov.au,Male,Ozërsk
724,Gaven,Jaffra,gjaffrak3@spiegel.de,Male,Lenningen
725,Peadar,Meininger,pmeiningerk4@nature.com,Male,Kalāt-e Nāderī
726,Blakelee,Smullin,bsmullink5@netvibes.com,Female,Xian’an
727,Clemmie,Barkes,cbarkesk6@github.com,Male,Pandean
728,Margaretha,Clowney,mclowneyk7@hud.gov,Female,Ocampo
729,Orlando,Almon,oalmonk8@dyndns.org,Male,Stamáta
730,Agnella,Bus,abusk9@ycombinator.com,Female,Tongxing
731,Carey,Lithcow,clithcowka@washington.edu,Female,Périgueux
732,Amerigo,Wotherspoon,awotherspoonkb@about.com,Male,Pyhäntä
733,Doralynn,Havile,dhavilekc@slideshare.net,Female,Inda Silasē
734,Kaela,Hudless,khudlesskd@yellowbook.com,Female,Hexi
735,Enriqueta,Smallpiece,esmallpieceke@people.com.cn,Female,Khorugh
736,Phyllis,McGaraghan,pmcgaraghankf@blogger.com,Female,Xingyuan
737,Paten,Chaffer,pchafferkg@springer.com,Male,Pangkalan
738,Gail,Knill,gknillkh@about.com,Male,Shūsh
739,Celisse,Cornillot,ccornillotki@netvibes.com,Female,Limoncito
740,Junie,Luebbert,jluebbertkj@twitpic.com,Female,Örebro
741,Randi,Jeacocke,rjeacockekk@twitter.com,Female,Lapi
742,Cart,Wallace,cwallacekl@netscape.com,Male,Plereyan
743,Charmion,Rumming,crummingkm@posterous.com,Female,Budrus
744,Jasmina,Ruter,jruterkn@tripod.com,Female,Jiesheng
745,Chaddie,O' Brian,cobrianko@live.com,Male,Houston
746,Cleve,Berks,cberkskp@alibaba.com,Male,Tuanfeng
747,Andy,Brosini,abrosinikq@paginegialle.it,Female,Aileu
748,Jocelyne,Rubenfeld,jrubenfeldkr@walmart.com,Female,Pražmo
749,Elysha,Foukx,efoukxks@businessinsider.com,Female,Czarna Dąbrówka
750,Beck,Colmore,bcolmorekt@ifeng.com,Male,Senekal
751,Martino,Treske,mtreskeku@typepad.com,Male,Jiazhi
752,Sully,Gytesham,sgyteshamkv@wikipedia.org,Male,Viga
753,Georgette,Werendell,gwerendellkw@ezinearticles.com,Female,San Pedro Carchá
754,Hyman,Peirpoint,hpeirpointkx@wix.com,Male,Shimen
755,Brit,Pearmain,bpearmainky@seesaa.net,Female,Guangming
756,Tanney,Bock,tbockkz@amazon.co.jp,Male,Ceres
757,Guillermo,Kimbley,gkimbleyl0@opera.com,Male,Diyarb Najm
758,Cathrine,Tatnell,ctatnelll1@weather.com,Female,Yiyang
759,Davy,Nannoni,dnannonil2@virginia.edu,Male,Saga
760,Natty,Hearsey,nhearseyl3@howstuffworks.com,Polygender,Villa Serrano
761,Gweneth,Tersay,gtersayl4@ibm.com,Female,Terangun
762,Olga,Brazil,obrazill5@google.co.jp,Female,Fort Worth
763,Kristy,Skylett,kskylettl6@umich.edu,Female,Shazikou
764,Catina,Busain,cbusainl7@si.edu,Female,Krajan Karanganyar
765,Rorke,Dripp,rdrippl8@un.org,Male,Bayrachky
766,Sawyer,Nock,snockl9@list-manage.com,Male,Lyon
767,Dosi,Waren,dwarenla@oakley.com,Female,San Antonio
768,Sydney,Tollady,stolladylb@arstechnica.com,Female,Marogong
769,Kaitlynn,Matyukon,kmatyukonlc@nps.gov,Genderfluid,Lubukalung
770,Lena,Tregido,ltregidold@usnews.com,Female,Rāmhormoz
771,Sawyer,Bandy,sbandyle@google.com.au,Male,Shimen
772,Simone,Libbis,slibbislf@shareasale.com,Female,Bassa
773,Sigfried,Nizard,snizardlg@ebay.co.uk,Male,Guaranésia
774,Rey,Wyllcocks,rwyllcockslh@ow.ly,Female,Chuzhou
775,Abagael,Shadfourth,ashadfourthli@independent.co.uk,Female,Cisaro
776,Lonnard,Laguerre,llaguerrelj@1und1.de,Male,Solsona
777,Edgar,Lober,eloberlk@e-recht24.de,Genderqueer,Zmiyëvka
778,Rora,Blyth,rblythll@pbs.org,Female,Yemva
779,Davie,Banaszkiewicz,dbanaszkiewiczlm@free.fr,Male,Denyshi
780,Fernandina,Chaffin,fchaffinln@netlog.com,Female,Waipukang
781,Karlen,Ovitts,kovittslo@nifty.com,Female,Kafr ad Dawwār
782,Dorian,Bernardotte,dbernardottelp@mtv.com,Female,Katuli
783,Erminie,Dmisek,edmiseklq@nytimes.com,Female,General José de San Martín
784,Rosco,Northleigh,rnorthleighlr@hhs.gov,Male,La Libertad
785,Gustavo,Hawksworth,ghawksworthls@toplist.cz,Non-binary,Shali
786,Rodd,Rolingson,rrolingsonlt@businessinsider.com,Male,Sihanoukville
787,Peyton,Bollini,pbollinilu@i2i.jp,Male,Itaberaí
788,Cos,Saipy,csaipylv@irs.gov,Male,Tuusula
789,Valida,Ruscoe,vruscoelw@mac.com,Polygender,Caucagüito
790,Lou,Eacott,leacottlx@w3.org,Male,Boji
791,Roobbie,Woolnough,rwoolnoughly@rediff.com,Female,Orlovka
792,Dylan,Gaspero,dgasperolz@stumbleupon.com,Male,Jiwei
793,Orton,Martine,omartinem0@nsw.gov.au,Male,Chemerivtsi
794,Tildie,Spittal,tspittalm1@hostgator.com,Female,Huyuan
795,Hyacinthie,Benedicte,hbenedictem2@dedecms.com,Female,Chokwé
796,Finley,Bolver,fbolverm3@flavors.me,Male,Cigoong
797,Paco,Daniellot,pdaniellotm4@cmu.edu,Male,Codoi
798,Andrus,Lewis,alewism5@cbslocal.com,Male,Serh
799,Banky,Bothram,bbothramm6@com.com,Male,Pangkalan Kasai
800,Joli,Shear,jshearm7@people.com.cn,Female,Nicolet
801,Kristofor,Matt,kmattm8@pcworld.com,Male,Bāglung
802,Andra,Chishull,achishullm9@comcast.net,Female,Puerto López
803,Naomi,Botha,nbothama@mtv.com,Female,Skellefteå
804,Ennis,Dumpleton,edumpletonmb@uiuc.edu,Male,Torino
805,Beilul,Linne,blinnemc@macromedia.com,Female,Handegate
806,Ahmad,Roads,aroadsmd@paypal.com,Non-binary,Paris 14
807,Nat,Napleton,nnapletonme@cocolog-nifty.com,Male,Shiraoi
808,Tremaine,Malcolmson,tmalcolmsonmf@domainmarket.com,Male,Betioky
809,Judith,Ferschke,jferschkemg@imageshack.us,Female,Alingsås
810,Lilah,Vink,lvinkmh@ocn.ne.jp,Female,Tarata
811,Red,Carty,rcartymi@ustream.tv,Male,Candelaria
812,Liv,Annion,lannionmj@wufoo.com,Female,Sakai-nakajima
813,Esteban,Sunock,esunockmk@joomla.org,Male,Blumbang
814,Berna,Chill,bchillml@gravatar.com,Female,Memphis
815,Olwen,Hargreave,ohargreavemm@bloglovin.com,Female,Putina
816,Vicky,Batalini,vbatalinimn@oracle.com,Female,Bylym
817,Findlay,Tippetts,ftippettsmo@hhs.gov,Male,Sosnovo-Ozerskoye
818,Kata,Kenchington,kkenchingtonmp@indiatimes.com,Genderqueer,Sölvesborg
819,Tamarra,Tysall,ttysallmq@ihg.com,Female,Macarse
820,Elianore,Kimblen,ekimblenmr@liveinternet.ru,Female,Villa Bisonó
821,Bertine,Burghall,bburghallms@fema.gov,Genderfluid,Al Fukhkhārī
822,Chickie,Snowman,csnowmanmt@abc.net.au,Female,Veshnyaki
823,Katuscha,McAuslan,kmcauslanmu@twitpic.com,Female,Zbytków
824,Tandi,Excell,texcellmv@soup.io,Female,Tame
825,Even,Chidlow,echidlowmw@cnbc.com,Male,Getafe
826,Ludwig,Eastope,leastopemx@live.com,Agender,Gaya
827,Asa,Gerant,agerantmy@java.com,Male,Clanwilliam
828,Diannne,Clarabut,dclarabutmz@1688.com,Female,Pasto
829,Raphael,D'Enrico,rdenricon0@wunderground.com,Male,Villa Nueva
830,Cindra,Dessaur,cdessaurn1@google.co.jp,Female,Takahata
831,Gavra,Sail,gsailn2@japanpost.jp,Female,Guojia
832,Vally,Theobalds,vtheobaldsn3@dell.com,Female,Przyborów
833,Niccolo,Gilkison,ngilkisonn4@cpanel.net,Male,Fujikawaguchiko
834,Georg,Delamaine,gdelamainen5@stanford.edu,Male,Nashtā Rūd
835,Terence,Billiard,tbilliardn6@businessinsider.com,Male,Soroca
836,Ev,Kenwin,ekenwinn7@theglobeandmail.com,Male,Ayorou
837,Filide,Robotham,frobothamn8@japanpost.jp,Female,Milton
838,Rowan,Roselli,rrosellin9@eventbrite.com,Male,Svalyava
839,Dane,Carmel,dcarmelna@booking.com,Male,Washington
840,Ashely,Fronsek,afronseknb@marketwatch.com,Female,Bira
841,Duky,Teek,dteeknc@skyrock.com,Male,Lucan
842,Gleda,Ghione,gghionend@cbsnews.com,Female,Albanel
843,Rachael,Binge,rbingene@storify.com,Female,Fatumnasi
844,Merrill,Lepick,mlepicknf@chicagotribune.com,Male,Flandes
845,Quintilla,O'Hagirtie,qohagirtieng@chronoengine.com,Female,Uzlovaya
846,Barri,Leale,blealenh@cornell.edu,Male,Melres
847,Candida,MacClure,cmacclureni@census.gov,Polygender,Nelidovo
848,Crosby,Riccio,criccionj@comsenz.com,Male,Nalinggou
849,Pietrek,Matus,pmatusnk@friendfeed.com,Male,Zabrušany
850,Guillema,Meaders,gmeadersnl@fastcompany.com,Female,Oslo
851,Lenka,Fevier,lfeviernm@elpais.com,Female,La Libertad
852,Jojo,Maughan,jmaughannn@tinyurl.com,Female,Leppävirta
853,Hugh,Ouldcott,houldcottno@printfriendly.com,Male,Taihe
854,Rea,Sebastian,rsebastiannp@va.gov,Female,Frydek
855,Harman,Impy,himpynq@tumblr.com,Male,Tambaksari
856,Berta,Scholte,bscholtenr@dailymail.co.uk,Female,Guanshui
857,Desmund,Heisler,dheislerns@histats.com,Male,Jiekeng
858,Dorise,MacCostye,dmaccostyent@1688.com,Female,Atlanta
859,Rakel,Veldens,rveldensnu@moonfruit.com,Female,Phu Sang
860,Sibella,Ramelot,sramelotnv@virginia.edu,Female,Vyksa
861,Carree,O'Doherty,codohertynw@si.edu,Female,Stratford
862,Arlyn,Bramley,abramleynx@about.me,Female,Tanout
863,Rafferty,Chown,rchownny@theglobeandmail.com,Male,Bazzāryah
864,Elvin,Gaudin,egaudinnz@vkontakte.ru,Male,Si Narong
865,Gavrielle,Merrien,gmerrieno0@miitbeian.gov.cn,Female,Jincun
866,Charil,De Biaggi,cdebiaggio1@jimdo.com,Female,Banjar Swastika
867,Cece,Ledingham,cledinghamo2@geocities.com,Polygender,L-Iklin
868,Loise,Lukianovich,llukianovicho3@dyndns.org,Female,Oslo
869,Alric,Covell,acovello4@multiply.com,Male,Madison
870,Lynda,Harte,lharteo5@networkadvertising.org,Female,Higashine
871,Vinnie,Kempshall,vkempshallo6@netscape.com,Male,Klembivka
872,Tilly,Twining,ttwiningo7@epa.gov,Female,Bezhta
873,Rosa,Sondon,rsondono8@columbia.edu,Female,El Pino
874,Blinni,Niess,bniesso9@cafepress.com,Female,Mytishchi
875,Quincy,Siggers,qsiggersoa@drupal.org,Male,Lecong
876,Sibyl,Garman,sgarmanob@apache.org,Male,Samanggen
877,Wolf,Slocombe,wslocombeoc@rakuten.co.jp,Male,Agbani
878,Giuditta,Fone,gfoneod@google.es,Female,Nantes
879,Giordano,Dyhouse,gdyhouseoe@freewebs.com,Male,Doudleby nad Orlicí
880,Sim,Conkling,sconklingof@barnesandnoble.com,Male,Gangtun
881,Henderson,Wickey,hwickeyog@infoseek.co.jp,Male,Chantilly
882,Alex,Greystoke,agreystokeoh@ft.com,Male,Kotayk’
883,Letti,Brockbank,lbrockbankoi@g.co,Female,Teno
884,Windham,Ivanets,wivanetsoj@archive.org,Male,Saint Croix
885,Whit,MacLaughlin,wmaclaughlinok@unc.edu,Male,Shangyi
886,Gardener,Christer,gchristerol@networksolutions.com,Male,Ussuriysk
887,Lem,Arsmith,larsmithom@yellowpages.com,Male,Pulaupanggung
888,Farrand,Autie,fautieon@goo.gl,Non-binary,Huanren
889,Roley,Rittmeyer,rrittmeyeroo@yellowpages.com,Male,Pryvol’ny
890,Erwin,Frensche,efrenscheop@acquirethisname.com,Male,Qiqing
891,Thor,Blagburn,tblagburnoq@chronoengine.com,Genderfluid,Primero de Mayo
892,Rafferty,Blyth,rblythor@smugmug.com,Male,Ghormach
893,Marabel,Simo,msimoos@independent.co.uk,Bigender,Si Somdet
894,Davey,Samson,dsamsonot@hp.com,Agender,Taisen-ri
895,Aeriel,Brandsen,abrandsenou@google.fr,Female,Suban Jeriji
896,Nappy,Harries,nharriesov@ca.gov,Male,Stockholm
897,Stavro,Conner,sconnerow@ftc.gov,Male,Starokucherganovka
898,Yoko,Torr,ytorrox@tiny.cc,Female,Parista
899,Rafe,McQuilkin,rmcquilkinoy@huffingtonpost.com,Male,Pulo
900,Nonie,Farrell,nfarrelloz@simplemachines.org,Female,Jembayan Hitam
901,Lilli,Alelsandrowicz,lalelsandrowiczp0@g.co,Bigender,San Carlos
902,Nikki,Cobson,ncobsonp1@yahoo.com,Female,Sukarame
903,Pooh,Sessuns,psessunsp2@cyberchimps.com,Genderqueer,Demir Hisar
904,Filberte,Labram,flabramp3@netlog.com,Male,Pau
905,Roxana,Wythill,rwythillp4@ox.ac.uk,Female,Duzhou
906,Giacomo,Paumier,gpaumierp5@usda.gov,Male,Querobamba
907,Korella,Manuelli,kmanuellip6@scribd.com,Female,Lerrnanist
908,Leonerd,Peplaw,lpeplawp7@nymag.com,Male,Chiguayante
909,Ingrid,Medcraft,imedcraftp8@php.net,Agender,Nîmes
910,Pippo,Piesing,ppiesingp9@gmpg.org,Male,Jinshan
911,Gan,Lindhe,glindhepa@technorati.com,Male,Kaiapoi
912,Stanton,Roswarn,sroswarnpb@examiner.com,Genderfluid,Karantaba
913,Kristofor,Heynen,kheynenpc@weebly.com,Male,Quinuabamba
914,Matthieu,Choffin,mchoffinpd@nymag.com,Male,Lue Amnat
915,Odelia,Schistl,oschistlpe@npr.org,Female,Hatogaya-honchō
916,Emmerich,Muro,emuropf@pagesperso-orange.fr,Male,Utrecht (stad)
917,Red,Pollock,rpollockpg@house.gov,Male,Haoguantun
918,Fanchon,Groom,fgroomph@wikia.com,Female,Fangjun
919,Zacharia,Chattoe,zchattoepi@opensource.org,Male,Donskoye
920,Clayborn,Dagnan,cdagnanpj@cnbc.com,Male,Karanyowka
921,Stefania,Wrought,swroughtpk@histats.com,Female,Glinojeck
922,Royce,Mival,rmivalpl@scribd.com,Male,Villa Nueva
923,Alvin,Jaxon,ajaxonpm@ucla.edu,Male,Maonon
924,Evvie,Mayes,emayespn@flickr.com,Female,Paris 02
925,Ardelia,Lembrick,alembrickpo@hhs.gov,Female,Serzedo
926,Alissa,Billie,abilliepp@netlog.com,Female,Duboka
927,Jamal,Mantram,jmantrampq@ehow.com,Male,Kratié
928,Lacy,Disley,ldisleypr@hexun.com,Female,Igbo-Ukwu
929,Chen,Moresby,cmoresbyps@auda.org.au,Male,Curug
930,Bea,MacVean,bmacveanpt@uiuc.edu,Female,Trosa
931,Darryl,Wright,dwrightpu@yelp.com,Female,Zhangping
932,Halley,Dabling,hdablingpv@etsy.com,Female,Jianghai
933,Vevay,Forsyde,vforsydepw@google.ca,Female,Guayabal
934,Hurley,Eagell,heagellpx@seattletimes.com,Male,Cikuray
935,Joseph,Kamall,jkamallpy@t.co,Male,Moluo
936,Adelbert,Beadle,abeadlepz@ucsd.edu,Male,Ростуша
937,Karlyn,Lowle,klowleq0@geocities.com,Female,Baixi
938,Yalonda,Vasilic,yvasilicq1@telegraph.co.uk,Female,Lantapan
939,Jasmin,Latham,jlathamq2@cargocollective.com,Female,Podivín
940,Brod,Simla,bsimlaq3@constantcontact.com,Male,Krasnohrad
941,Arley,Logg,aloggq4@hao123.com,Male,Sävedalen
942,Ursa,Calladine,ucalladineq5@mac.com,Female,Beigong
943,Felisha,Ivanyushkin,fivanyushkinq6@sphinn.com,Female,Staromyshastovskaya
944,Northrup,Crouch,ncrouchq7@freewebs.com,Male,Jiyang
945,My,Longforth,mlongforthq8@ed.gov,Male,São Tomé
946,Ruperto,Kiehnlt,rkiehnltq9@woothemes.com,Male,Przybiernów
947,Beltran,Polglase,bpolglaseqa@shop-pro.jp,Male,Toulouse
948,Morie,Chesterton,mchestertonqb@marriott.com,Male,Extrema
949,Roscoe,Benoist,rbenoistqc@fda.gov,Male,Umeå
950,Lanni,Kepe,lkepeqd@hhs.gov,Female,Karlovo
951,Tom,Dametti,tdamettiqe@squarespace.com,Male,Luowan
952,Roderigo,Thurstan,rthurstanqf@mayoclinic.com,Male,Gaimán
953,Reg,Pires,rpiresqg@is.gd,Male,Siaton
954,Rodina,Poupard,rpoupardqh@indiatimes.com,Female,Paris 09
955,Tomkin,Symms,tsymmsqi@odnoklassniki.ru,Male,Kebloran
956,Ofilia,Click,oclickqj@woothemes.com,Agender,Ibagué
957,Sigismundo,Owain,sowainqk@yolasite.com,Male,Chixi
958,Clerc,Slaten,cslatenql@sitemeter.com,Male,Toledo
959,Craig,Lilie,clilieqm@jiathis.com,Male,Chipoka
960,Emanuel,Brooksby,ebrooksbyqn@nytimes.com,Male,Paojan
961,Noland,Thomson,nthomsonqo@jalbum.net,Male,San Diego
962,Denise,Millam,dmillamqp@buzzfeed.com,Female,Chaumont
963,Bertie,Bryden,bbrydenqq@npr.org,Female,Íasmos
964,Galen,Erington,geringtonqr@mediafire.com,Male,Lope de Vega
965,Lorne,Degoe,ldegoeqs@si.edu,Male,Magnitka
966,Robyn,Davidovics,rdavidovicsqt@quantcast.com,Female,Périgny
967,Erhard,Kleinhausen,ekleinhausenqu@sitemeter.com,Male,Periyiáli
968,Benton,Gavini,bgaviniqv@samsung.com,Male,Ma’ao
969,Shelby,Arter,sarterqw@sciencedaily.com,Female,Waldbredimus
970,Fabio,Verrills,fverrillsqx@noaa.gov,Male,Yur’yev-Pol’skiy
971,Saxon,Clowsley,sclowsleyqy@oracle.com,Male,Victoriaville
972,Zachariah,Fidock,zfidockqz@businessinsider.com,Male,Siyang
973,Marla,Francom,mfrancomr0@parallels.com,Genderqueer,Bolyarovo
974,Georgy,Dabbes,gdabbesr1@goo.gl,Male,Korem
975,Franzen,Gilks,fgilksr2@squarespace.com,Male,Saint-Tite
976,Marsh,Esmonde,mesmonder3@umich.edu,Male,Zhaojia
977,Veronike,Petrollo,vpetrollor4@usnews.com,Female,Hamburg Winterhude
978,Bethany,Royse,broyser5@japanpost.jp,Polygender,Banī an Nahārī
979,Sylvester,Cordy,scordyr6@unc.edu,Male,Kiangan
980,Burr,Pridding,bpriddingr7@stanford.edu,Male,Nogoonnuur
981,Waldemar,Sneezum,wsneezumr8@cbsnews.com,Male,Wubao
982,Dari,Gouldstraw,dgouldstrawr9@digg.com,Female,Yangdi
983,Leonelle,O'Caine,locainera@craigslist.org,Female,Iowa City
984,Trudie,Staley,tstaleyrb@ox.ac.uk,Female,Baltimore
985,Ethelind,Firby,efirbyrc@marriott.com,Female,Verkhneye Kazanishche
986,Ezra,Willock,ewillockrd@rambler.ru,Male,Hodkovice nad Mohelkou
987,Zed,Starbucke,zstarbuckere@wix.com,Male,Tanzhesi
988,Jillene,Bowen,jbowenrf@webnode.com,Female,Dabaozi
989,Della,Yarwood,dyarwoodrg@facebook.com,Female,Pidvynohradiv
990,Bobbye,Bramstom,bbramstomrh@intel.com,Female,Lopatyn
991,Gianni,Barczynski,gbarczynskiri@sohu.com,Male,Henglan
992,Marielle,Boncoeur,mboncoeurrj@unblog.fr,Female,Gosë e Madhe
993,Liza,Treneman,ltrenemanrk@ox.ac.uk,Female,Denov
994,Janek,Seadon,jseadonrl@umn.edu,Male,Martin
995,Christoforo,Caldecott,ccaldecottrm@uiuc.edu,Male,Tišina
996,Franzen,Olden,foldenrn@nps.gov,Male,‘Arīqah
997,Neysa,Pollendine,npollendinero@weibo.com,Female,Los Fresnos
998,Afton,Dooher,adooherrp@csmonitor.com,Female,Lile
999,Dotty,Parsand,dparsandrq@live.com,Female,Op
1000,Rena,McKirdy,rmckirdyrr@geocities.jp,Female,Kwikila
